ID;assignment;blog;chat;course;forum;quiz;resource;upload;user;PeriodoLetivo;StatusFinal
10088-5714;11;0;15;28;28;7;45;0;4;20130102;INsucesso
10127-5469;20;0;2;43;16;23;55;2;2;20120202;SUCESSO
10786-5469;64;0;0;42;50;40;12;11;6;20120202;SUCESSO
110-7098;17;1;6;14;64;12;3;0;10;20130202;INsucesso
11091-6388;19;0;29;59;124;32;61;1;8;20130102;SUCESSO
11848-6398;14;0;3;40;30;14;20;1;2;20130102;INsucesso
11848-7098;8;0;0;21;41;21;3;1;4;20130202;SUCESSO
12526-6388;15;0;0;23;54;0;5;1;1;20130102;SUCESSO
13005-6398;33;0;1;25;22;10;53;2;13;20130102;SUCESSO
13016-5468;37;0;10;90;199;12;55;2;9;20120202;INsucesso
13142-6388;35;1;4;92;117;31;18;1;23;20130102;SUCESSO
13179-5388;7;0;0;3;1;1;5;0;0;20120202;INsucesso
13179-5714;31;0;4;36;48;5;20;1;1;20130102;SUCESSO
13190-5468;19;0;0;60;55;24;41;1;1;20120202;SUCESSO
13298-7098;0;0;0;9;2;0;14;0;1;20130202;INsucesso
13342-4130;29;0;1;39;23;115;21;4;1;20120102;INsucesso
13342-5468;20;0;18;50;119;0;12;8;18;20120202;SUCESSO
13420-6398;31;0;9;99;169;66;128;1;7;20130102;SUCESSO
13511-6389;19;1;7;92;145;75;52;3;36;20130102;SUCESSO
13564-6388;8;0;7;51;29;3;71;0;28;20130102;INsucesso
14004-4604;30;0;9;58;49;18;54;2;7;20120102;SUCESSO
14034-6398;25;0;15;22;43;24;29;1;3;20130102;SUCESSO
15073-5714;9;0;0;32;16;51;8;1;0;20130102;INsucesso
15217-7098;37;0;2;37;63;73;28;6;5;20130202;SUCESSO
15396-4130;13;0;2;22;26;35;20;3;1;20120102;INsucesso
15396-5469;22;0;0;27;0;36;15;3;10;20120202;SUCESSO
15432-5469;27;0;22;119;42;1;35;1;6;20120202;SUCESSO
15494-5714;31;0;65;53;53;102;80;2;43;20130102;SUCESSO
15669-6398;14;0;4;45;56;23;43;1;6;20130102;SUCESSO
15818-5469;33;0;15;43;40;15;55;3;1;20120202;SUCESSO
17083-4604;45;0;24;115;251;49;118;3;4;20120102;SUCESSO
17356-5388;24;0;1;63;105;2;25;7;2;20120202;INsucesso
17540-5468;41;6;14;138;209;58;54;8;20;20120202;SUCESSO
17604-4130;15;0;26;233;148;29;39;1;80;20120102;SUCESSO
17813-4130;36;0;40;72;64;24;39;1;31;20120102;SUCESSO
17874-5388;37;0;15;62;122;33;65;3;30;20120202;SUCESSO
18027-4130;42;0;32;62;73;61;43;6;2;20120102;SUCESSO
18030-4130;34;0;3;33;70;28;20;5;9;20120102;SUCESSO
18047-6398;146;2;21;245;452;52;80;1;39;20130102;INsucesso
18070-6388;22;0;1;40;51;21;26;1;2;20130102;SUCESSO
18081-5468;22;0;0;25;27;1;17;2;5;20120202;INsucesso
18163-4605;13;0;14;22;5;19;61;2;0;20120102;INsucesso
18163-6398;6;0;0;25;16;55;30;0;0;20130102;SUCESSO
18184-7098;11;0;8;16;4;0;1;1;7;20130202;INsucesso
18187-4605;34;0;44;108;131;36;53;4;109;20120102;SUCESSO
18201-4605;29;0;23;58;73;6;3;2;10;20120102;INsucesso
18208-6389;16;0;0;23;61;0;2;0;1;20130102;INsucesso
18208-7098;3;0;0;28;37;22;2;0;2;20130202;INsucesso
18217-4605;35;0;36;46;59;45;32;2;14;20120102;SUCESSO
18267-4130;29;0;12;113;150;19;42;2;52;20120102;SUCESSO
18297-6388;9;0;0;14;7;5;12;1;0;20130102;INsucesso
18399-6388;27;0;0;45;13;10;7;2;1;20130102;SUCESSO
18523-7274;23;1;25;74;222;96;117;1;29;20130202;SUCESSO
18571-4604;11;0;0;7;14;1;2;0;1;20120102;INsucesso
18672-6398;32;5;5;89;27;81;45;2;65;20130102;SUCESSO
18700-5469;22;0;0;35;27;17;8;2;1;20120202;INsucesso
18875-7118;28;0;2;79;238;40;55;0;5;20130202;SUCESSO
18900-7118;22;0;7;22;73;2;58;0;18;20130202;INsucesso
18926-4605;26;0;0;19;6;46;25;3;6;20120102;INsucesso
19254-6389;22;1;29;75;101;63;34;1;24;20130102;SUCESSO
19260-6389;26;0;11;73;81;35;23;0;1;20130102;SUCESSO
19683-4605;21;0;5;36;17;31;6;1;6;20120102;INsucesso
19850-6398;24;0;2;27;24;17;17;1;1;20130102;INsucesso
19904-4605;29;0;1;33;64;38;44;4;3;20120102;INsucesso
20306-7274;11;0;3;16;10;5;12;1;24;20130202;INsucesso
21251-5469;5;0;12;13;12;0;13;0;9;20120202;SUCESSO
21340-5468;24;0;6;51;50;40;38;2;8;20120202;INsucesso
21340-6398;27;0;34;118;66;34;57;2;25;20130102;SUCESSO
21367-4605;27;3;12;44;39;27;40;1;23;20120102;INsucesso
21367-6398;32;1;1;73;46;128;64;2;7;20130102;SUCESSO
21380-5714;18;0;4;45;35;0;73;1;1;20130102;SUCESSO
21393-4605;16;0;28;121;89;3;19;1;14;20120102;SUCESSO
21598-4604;23;0;22;40;65;47;16;2;2;20120102;SUCESSO
21640-5714;0;0;0;1;0;0;3;0;0;20130102;INsucesso
21659-5388;35;0;10;140;182;17;64;3;12;20120202;SUCESSO
21708-5468;14;0;1;89;137;17;20;0;13;20120202;INsucesso
21788-5469;27;0;4;43;67;12;27;4;10;20120202;SUCESSO
21888-7274;22;0;16;42;79;74;47;2;0;20130202;SUCESSO
21911-4130;16;0;5;44;24;14;36;0;6;20120102;SUCESSO
22034-4605;44;0;27;38;35;204;22;4;1;20120102;SUCESSO
22189-4604;28;0;15;54;93;9;36;3;11;20120102;SUCESSO
22212-4604;65;0;0;54;53;91;85;3;9;20120102;SUCESSO
22222-4130;52;0;4;116;162;29;43;3;8;20120102;SUCESSO
22256-4605;0;0;24;6;4;0;2;0;0;20120102;INsucesso
22256-6388;5;0;1;27;24;0;1;0;1;20130102;INsucesso
22293-7098;5;0;19;20;90;8;44;0;5;20130202;SUCESSO
22305-5468;29;0;3;32;47;0;39;3;0;20120202;SUCESSO
22316-4130;14;0;21;44;42;8;47;0;6;20120102;INsucesso
22418-4130;69;0;17;210;232;91;115;8;119;20120102;SUCESSO
22440-4604;28;0;16;34;17;40;29;3;1;20120102;SUCESSO
22460-7274;8;0;1;12;26;3;4;0;0;20130202;INsucesso
22469-7274;32;0;19;131;149;118;31;1;77;20130202;SUCESSO
22475-4605;30;0;12;82;124;17;90;3;1;20120102;SUCESSO
22499-5388;32;0;1;20;63;3;27;8;0;20120202;SUCESSO
22507-4130;10;0;12;71;76;20;47;2;24;20120102;SUCESSO
22513-4605;6;0;0;9;7;15;12;0;6;20120102;INsucesso
22522-4604;18;0;3;55;75;5;21;1;2;20120102;INsucesso
22522-6398;13;0;5;45;43;17;16;1;4;20130102;INsucesso
22554-6398;24;0;1;48;21;22;47;4;8;20130102;SUCESSO
22611-4130;0;0;7;1;0;0;0;0;0;20120102;INsucesso
22614-4604;27;0;6;46;39;30;29;3;4;20120102;INsucesso
22677-5469;34;0;6;19;30;22;12;3;2;20120202;SUCESSO
22694-4604;43;0;6;37;42;50;13;1;4;20120102;SUCESSO
22788-5468;33;0;22;119;467;37;85;1;5;20120202;SUCESSO
22801-5468;0;0;0;1;0;0;0;0;0;20120202;INsucesso
22906-7098;25;0;1;67;68;42;78;3;4;20130202;SUCESSO
22929-7118;14;0;1;41;114;19;39;4;21;20130202;INsucesso
22946-7274;14;0;2;31;63;23;4;0;4;20130202;INsucesso
22977-7118;23;0;3;99;315;33;94;1;6;20130202;SUCESSO
23038-6398;34;0;2;44;25;49;28;5;8;20130102;INsucesso
23038-7274;39;0;0;33;28;12;17;8;16;20130202;INsucesso
23180-5388;16;0;5;22;26;6;5;0;21;20120202;SUCESSO
23184-6389;3;2;24;9;31;0;23;0;20;20130102;INsucesso
23725-4605;24;0;17;68;52;40;62;4;19;20120102;INsucesso
23725-5468;24;0;11;74;153;34;62;9;33;20120202;SUCESSO
23754-6398;12;0;0;33;68;23;18;2;9;20130102;SUCESSO
23953-5468;45;0;6;74;49;49;43;3;7;20120202;INsucesso
23953-6388;25;2;20;113;47;194;35;1;6;20130102;SUCESSO
24091-6398;23;0;7;62;148;119;26;1;15;20130102;SUCESSO
24108-4130;22;0;2;34;58;33;27;3;6;20120102;SUCESSO
24676-6388;16;0;1;31;74;1;36;1;4;20130102;INsucesso
24676-7274;12;0;0;23;11;1;17;1;1;20130202;INsucesso
24794-4130;24;0;16;47;21;36;35;4;4;20120102;INsucesso
24986-5469;25;0;11;49;30;13;82;3;33;20120202;SUCESSO
25130-4130;17;0;1;33;67;30;40;3;25;20120102;SUCESSO
26702-4605;41;0;135;227;232;118;97;1;157;20120102;SUCESSO
26721-4130;12;0;3;14;10;11;7;2;0;20120102;INsucesso
26859-6398;46;1;18;158;221;79;101;6;56;20130102;SUCESSO
26983-4605;10;0;0;11;12;13;10;2;0;20120102;SUCESSO
271-7274;18;0;15;36;28;27;80;3;11;20130202;SUCESSO
27328-4130;35;2;5;77;156;29;47;5;26;20120102;SUCESSO
27383-5468;15;0;0;10;9;0;1;2;0;20120202;INsucesso
27383-7098;0;0;0;2;0;0;0;0;0;20130202;INsucesso
27420-7274;10;1;0;25;36;12;24;1;9;20130202;SUCESSO
27473-5469;2;0;0;1;0;0;0;0;0;20120202;INsucesso
27503-4130;21;0;8;55;209;34;49;1;6;20120102;SUCESSO
27601-7118;24;1;39;137;95;36;68;3;26;20130202;SUCESSO
27658-4604;13;0;0;8;6;0;6;3;0;20120102;INsucesso
27708-4605;22;0;1;40;73;69;52;3;14;20120102;SUCESSO
27794-4604;37;1;6;28;43;41;43;2;12;20120102;INsucesso
27794-6398;69;0;3;76;108;67;48;1;27;20130102;SUCESSO
27804-4605;19;0;2;13;9;16;1;1;7;20120102;SUCESSO
27881-4604;9;0;0;19;2;0;3;1;0;20120102;INsucesso
27881-5388;23;0;50;68;44;1;22;3;11;20120202;SUCESSO
27888-4130;50;0;31;80;121;59;69;5;8;20120102;SUCESSO
27916-5714;13;0;0;14;7;0;8;1;0;20130102;INsucesso
27916-7118;0;0;0;1;0;0;0;0;0;20130202;INsucesso
27934-7098;14;0;0;61;105;17;41;1;7;20130202;SUCESSO
27941-4130;35;0;1;145;307;22;53;4;18;20120102;SUCESSO
27970-4130;16;0;2;32;26;32;36;2;3;20120102;INsucesso
27980-4604;7;0;10;20;18;2;95;0;0;20120102;INsucesso
27992-5469;11;0;0;14;0;7;23;1;0;20120202;SUCESSO
27997-5714;25;0;0;29;21;51;12;1;0;20130102;INsucesso
28007-5388;46;0;5;56;66;15;37;5;5;20120202;SUCESSO
28022-4605;34;2;18;60;69;26;24;6;16;20120102;INsucesso
28022-6388;26;0;0;26;35;78;12;1;6;20130102;SUCESSO
28026-7118;21;0;20;99;111;32;113;0;5;20130202;SUCESSO
28034-4604;25;0;15;36;35;27;29;4;2;20120102;SUCESSO
28039-4605;1;0;1;10;6;0;9;0;5;20120102;INsucesso
28102-5388;44;0;17;78;75;20;51;8;19;20120202;SUCESSO
28126-4605;12;0;0;20;7;11;9;1;2;20120102;INsucesso
28126-5468;6;0;0;22;77;9;21;0;23;20120202;SUCESSO
28132-5468;14;0;0;46;69;28;22;2;3;20120202;SUCESSO
28149-6388;8;0;48;39;36;64;43;0;1;20130102;INsucesso
28169-4605;34;1;2;128;169;28;58;7;12;20120102;SUCESSO
28170-5468;61;0;2;42;43;39;19;4;4;20120202;INsucesso
28170-7118;36;0;6;33;46;50;35;3;2;20130202;SUCESSO
28178-6398;38;0;0;49;34;53;15;1;9;20130102;SUCESSO
28212-4605;47;0;4;57;63;116;82;4;10;20120102;INsucesso
28231-6388;13;0;0;55;70;39;17;1;14;20130102;SUCESSO
28245-5468;33;0;3;39;16;19;12;5;8;20120202;SUCESSO
28283-6389;1;0;4;7;2;0;17;0;0;20130102;INsucesso
28313-4604;37;0;1;40;59;28;6;1;1;20120102;SUCESSO
28338-6388;9;0;6;62;67;43;7;0;8;20130102;INsucesso
28338-7118;8;0;5;26;74;5;7;0;20;20130202;SUCESSO
28350-6398;10;0;1;21;20;3;32;0;0;20130102;INsucesso
28383-4604;9;0;0;10;12;0;6;0;0;20120102;SUCESSO
28385-4604;105;0;21;116;55;82;28;2;2;20120102;SUCESSO
28423-5469;5;0;8;18;2;0;13;0;1;20120202;INsucesso
28450-4604;6;0;1;18;42;55;18;3;0;20120102;SUCESSO
28454-4605;40;0;1;107;99;24;54;4;8;20120102;SUCESSO
28517-4604;48;0;4;137;178;33;66;6;15;20120102;SUCESSO
29058-6398;20;1;36;67;193;40;61;1;11;20130102;SUCESSO
29128-6389;0;0;1;12;9;0;3;0;0;20130102;INsucesso
29232-4604;30;0;5;42;58;8;13;1;1;20120102;INsucesso
29300-4605;13;0;1;15;9;9;7;2;0;20120102;INsucesso
29492-7118;26;0;14;64;44;39;68;2;1;20130202;SUCESSO
29497-5469;38;0;18;64;81;14;53;3;8;20120202;SUCESSO
29626-4605;21;0;9;26;36;73;23;1;7;20120102;SUCESSO
29688-6398;24;0;3;43;12;28;22;3;8;20130102;SUCESSO
29800-4130;16;0;7;15;23;9;9;2;0;20120102;INsucesso
29800-5468;8;0;2;29;49;1;9;1;1;20120202;SUCESSO
29887-6398;19;0;3;34;21;32;63;1;0;20130102;INsucesso
30137-7118;30;0;4;40;45;55;36;3;0;20130202;SUCESSO
30609-7274;5;0;0;30;10;21;22;0;1;20130202;INsucesso
30627-4604;17;0;9;68;37;98;41;0;11;20120102;SUCESSO
30676-6388;9;0;18;30;43;38;25;0;0;20130102;SUCESSO
30708-5468;46;0;1;53;24;38;50;5;7;20120202;SUCESSO
30732-4130;20;1;36;58;46;18;46;5;24;20120102;SUCESSO
30743-4605;24;1;20;53;56;13;33;3;29;20120102;SUCESSO
30749-4130;14;0;4;46;121;7;107;0;13;20120102;INsucesso
30749-7118;35;1;13;62;136;58;67;3;11;20130202;SUCESSO
30760-4604;16;0;7;41;77;15;28;0;52;20120102;INsucesso
30760-5388;10;0;7;49;101;3;15;2;20;20120202;INsucesso
30763-4605;48;0;19;48;59;28;46;4;10;20120102;SUCESSO
30770-4604;54;0;11;142;189;95;73;5;18;20120102;SUCESSO
30771-5469;21;0;23;72;81;11;35;1;8;20120202;INsucesso
30776-4605;52;0;32;197;209;52;56;0;65;20120102;SUCESSO
30779-4130;64;0;27;59;107;110;29;3;10;20120102;SUCESSO
30795-4130;7;0;32;25;14;15;16;0;0;20120102;SUCESSO
30797-4130;29;0;6;75;72;52;49;5;30;20120102;SUCESSO
30801-4130;20;1;29;56;59;19;54;0;13;20120102;SUCESSO
30806-4604;25;0;53;65;112;38;54;3;30;20120102;SUCESSO
30811-4605;22;0;4;41;26;26;54;1;0;20120102;INsucesso
30821-4605;64;0;92;181;56;212;64;2;47;20120102;SUCESSO
30876-4604;36;2;8;125;219;38;78;4;43;20120102;INsucesso
30879-4604;32;0;6;44;38;18;22;3;10;20120102;SUCESSO
30887-4604;24;0;1;23;18;4;13;4;8;20120102;INsucesso
30907-4604;31;0;4;37;37;14;29;3;1;20120102;INsucesso
30907-5388;36;0;0;29;6;11;29;5;0;20120202;SUCESSO
30961-7274;0;0;0;1;0;0;0;0;0;20130202;INsucesso
30966-5388;55;0;20;79;93;36;57;2;12;20120202;INsucesso
30983-4604;41;0;16;57;57;12;45;5;5;20120102;SUCESSO
30989-4604;36;0;4;94;46;39;40;4;0;20120102;SUCESSO
30990-4604;25;0;12;90;48;58;125;3;5;20120102;SUCESSO
30991-5468;18;0;5;58;167;21;67;4;4;20120202;SUCESSO
31001-4130;28;0;22;49;39;21;65;1;30;20120102;SUCESSO
31005-5468;8;0;7;33;19;2;39;0;0;20120202;INsucesso
31005-6398;5;0;0;11;4;0;4;0;0;20130102;INsucesso
31068-7118;31;0;12;56;82;52;43;5;10;20130202;SUCESSO
31084-4605;19;0;13;52;50;31;18;1;7;20120102;SUCESSO
31090-4605;40;0;141;190;108;87;116;4;3;20120102;SUCESSO
31095-4605;12;0;5;47;78;13;36;0;2;20120102;INsucesso
31095-7274;10;0;0;21;22;0;14;0;0;20130202;INsucesso
31105-4604;31;0;7;61;36;26;29;3;33;20120102;SUCESSO
31106-4130;17;0;13;38;27;47;64;2;28;20120102;SUCESSO
31109-6398;40;2;39;167;183;286;46;4;24;20130102;SUCESSO
31113-6388;18;0;3;61;30;51;46;1;1;20130102;SUCESSO
31134-4130;20;0;4;56;30;17;48;3;0;20120102;SUCESSO
31147-4605;23;0;7;73;111;54;71;4;3;20120102;SUCESSO
31155-5469;19;0;3;39;22;12;28;2;4;20120202;SUCESSO
31161-4605;67;0;37;149;125;56;64;2;29;20120102;SUCESSO
31167-4130;39;0;76;89;147;32;77;4;0;20120102;SUCESSO
31168-4604;28;0;25;41;114;10;56;3;3;20120102;INsucesso
31173-4604;28;0;21;66;69;35;51;3;2;20120102;SUCESSO
31179-4605;30;0;17;94;107;15;42;2;14;20120102;SUCESSO
31187-4605;9;0;8;34;24;19;8;1;0;20120102;SUCESSO
31199-6388;18;0;0;116;153;223;57;2;12;20130102;SUCESSO
31218-4604;22;1;8;48;49;1;58;1;36;20120102;INsucesso
31221-4605;22;0;105;79;130;29;48;2;48;20120102;SUCESSO
31233-4605;41;0;11;45;84;41;75;3;6;20120102;SUCESSO
31234-4605;32;4;19;93;134;98;91;1;17;20120102;SUCESSO
31239-7118;29;0;15;97;202;39;31;3;26;20130202;SUCESSO
31270-6388;17;0;6;159;54;40;90;0;11;20130102;SUCESSO
31273-4605;48;0;26;102;158;42;91;6;9;20120102;INsucesso
31273-5388;14;0;34;62;90;16;22;2;18;20120202;SUCESSO
31283-4605;27;0;18;86;40;60;52;4;18;20120102;SUCESSO
31286-6388;24;0;15;63;71;53;63;1;15;20130102;SUCESSO
31294-4130;54;3;78;157;476;65;131;4;35;20120102;SUCESSO
31299-4605;28;0;27;42;46;7;45;1;13;20120102;INsucesso
31300-4130;23;0;8;30;37;28;50;3;1;20120102;INsucesso
31300-5469;31;0;1;19;20;37;40;5;0;20120202;SUCESSO
31321-4605;25;0;51;26;53;11;24;3;1;20120102;INsucesso
31344-4605;38;0;42;78;274;33;57;2;9;20120102;SUCESSO
31347-4605;50;0;24;72;54;15;35;7;17;20120102;INsucesso
31347-5469;51;0;30;133;145;14;44;8;22;20120202;SUCESSO
31354-5714;17;1;0;17;11;3;25;4;38;20130102;SUCESSO
31361-4604;32;0;50;79;96;21;66;5;18;20120102;SUCESSO
31362-5714;25;0;57;39;38;49;83;5;1;20130102;SUCESSO
31364-4605;34;6;29;93;168;26;54;4;67;20120102;SUCESSO
31366-4604;17;0;4;41;12;11;21;3;4;20120102;SUCESSO
31368-4130;26;0;31;71;68;1;49;3;15;20120102;SUCESSO
31374-5469;15;0;16;100;162;24;58;0;27;20120202;SUCESSO
31385-4130;12;1;5;35;34;0;26;0;10;20120102;INsucesso
31405-7118;10;0;18;53;103;17;50;2;6;20130202;INsucesso
31408-4605;34;0;8;51;54;5;33;3;16;20120102;SUCESSO
31413-4605;37;0;0;50;37;10;42;1;4;20120102;SUCESSO
31419-4605;3;0;3;8;4;0;5;0;10;20120102;INsucesso
31420-5468;34;1;48;125;281;25;90;2;87;20120202;SUCESSO
31425-4604;23;0;29;59;39;20;50;3;7;20120102;SUCESSO
31430-4130;25;1;36;44;30;4;19;1;27;20120102;INsucesso
31430-5468;95;1;15;90;172;72;48;5;26;20120202;SUCESSO
31433-6388;18;0;3;40;61;89;8;2;1;20130102;SUCESSO
31438-4130;25;0;13;81;47;70;67;3;0;20120102;SUCESSO
31471-5468;33;0;29;102;64;51;55;3;0;20120202;SUCESSO
31473-4605;24;0;20;47;31;24;21;2;3;20120102;INsucesso
31475-4604;37;0;7;87;39;22;10;3;78;20120102;SUCESSO
31478-5469;7;0;10;10;30;1;32;0;0;20120202;INsucesso
31478-5714;6;0;8;10;12;0;22;0;1;20130102;SUCESSO
31479-4605;3;0;1;8;1;11;7;0;0;20120102;INsucesso
31481-4604;52;0;71;103;180;39;61;11;34;20120102;SUCESSO
31499-4605;52;0;29;91;60;76;96;4;15;20120102;INsucesso
31499-5388;34;0;23;98;191;112;53;5;8;20120202;SUCESSO
31505-5468;22;0;2;33;16;32;45;2;0;20120202;INsucesso
31513-4605;28;0;4;59;108;18;38;2;20;20120102;SUCESSO
31519-4605;61;0;10;101;121;60;82;3;1;20120102;SUCESSO
31535-4605;24;0;10;59;24;35;29;3;0;20120102;INsucesso
31535-5468;32;0;8;79;51;21;42;8;9;20120202;SUCESSO
31543-5468;3;0;1;8;23;0;14;0;1;20120202;INsucesso
31543-6398;3;0;1;9;33;0;8;0;1;20130102;INsucesso
31543-7274;3;0;3;9;9;0;23;0;1;20130202;INsucesso
31545-5388;24;0;24;31;52;16;28;1;0;20120202;INsucesso
31553-4130;39;0;14;84;219;30;68;3;13;20120102;SUCESSO
31556-5388;65;0;80;168;147;147;104;5;59;20120202;SUCESSO
31563-6398;28;0;18;58;45;25;53;0;8;20130102;INsucesso
31574-4605;12;0;1;34;43;7;12;0;0;20120102;INsucesso
31576-4604;14;9;14;32;28;9;9;1;41;20120102;SUCESSO
31581-4605;38;0;54;94;55;28;19;2;25;20120102;SUCESSO
31583-4130;13;0;22;60;63;45;60;2;3;20120102;SUCESSO
31592-6388;21;0;14;32;7;60;27;4;0;20130102;SUCESSO
31607-4130;11;0;21;12;47;12;5;2;0;20120102;INsucesso
31615-4604;27;0;20;35;66;47;54;4;13;20120102;SUCESSO
31617-4130;24;0;27;51;61;46;15;0;3;20120102;INsucesso
31618-5468;8;0;10;23;67;0;13;0;1;20120202;INsucesso
31618-6388;25;0;11;66;139;18;50;1;9;20130102;SUCESSO
31640-4605;45;0;11;43;21;21;41;6;0;20120102;SUCESSO
31666-4605;15;0;6;16;12;10;10;1;2;20120102;INsucesso
31666-5468;13;1;5;58;53;47;45;1;25;20120202;SUCESSO
31679-4130;13;0;3;29;28;15;36;3;25;20120102;SUCESSO
31689-4130;15;0;0;19;15;20;21;3;4;20120102;SUCESSO
31693-7274;14;0;0;34;59;0;8;2;4;20130202;INsucesso
31698-5388;19;0;3;48;21;25;15;3;0;20120202;INsucesso
31698-5714;31;0;0;23;19;10;29;5;1;20130102;INsucesso
31698-7274;24;0;7;22;15;13;2;3;13;20130202;SUCESSO
31748-4604;28;1;20;60;38;27;94;5;22;20120102;SUCESSO
31750-4604;26;0;6;29;10;96;23;6;0;20120102;SUCESSO
31752-4130;22;0;19;52;37;26;46;3;8;20120102;SUCESSO
31753-5714;20;0;1;46;39;44;52;1;9;20130102;INsucesso
31753-7118;27;0;5;49;68;32;65;3;7;20130202;SUCESSO
31756-4605;2;0;0;3;1;0;1;0;0;20120102;INsucesso
31761-5469;62;0;5;66;52;39;98;1;4;20120202;INsucesso
31769-4604;73;1;35;67;192;34;102;2;41;20120102;SUCESSO
31791-6389;14;0;0;26;29;3;30;1;1;20130102;INsucesso
31794-4605;24;0;22;17;16;2;36;4;1;20120102;INsucesso
31797-4130;5;0;8;19;22;4;16;0;3;20120102;INsucesso
31838-4605;21;0;4;29;16;17;15;1;0;20120102;INsucesso
31850-4605;11;0;0;11;6;4;22;0;2;20120102;INsucesso
31870-4604;85;0;61;142;215;83;38;1;39;20120102;INsucesso
31887-4604;55;0;41;97;184;28;72;2;17;20120102;INsucesso
31898-4604;30;0;17;39;122;65;49;3;1;20120102;SUCESSO
31915-5468;34;0;2;63;113;14;56;3;28;20120202;SUCESSO
31927-4604;4;0;4;13;2;24;8;0;0;20120102;INsucesso
31927-7118;0;0;0;1;0;0;0;0;0;20130202;INsucesso
31958-7274;24;0;1;49;124;31;56;3;0;20130202;SUCESSO
31964-4605;3;0;1;13;2;1;7;0;0;20120102;INsucesso
31980-4604;24;0;4;68;61;67;33;3;0;20120102;SUCESSO
32005-4604;17;0;3;21;34;32;54;3;13;20120102;SUCESSO
32011-5468;42;0;4;35;29;9;19;3;0;20120202;INsucesso
32022-5468;23;0;1;31;68;18;29;3;7;20120202;INsucesso
32081-4605;71;0;1;86;134;73;65;5;3;20120102;INsucesso
32282-5469;20;0;1;21;1;0;20;1;3;20120202;INsucesso
32588-4130;19;0;6;37;25;40;23;2;5;20120102;INsucesso
32724-5469;27;0;15;60;36;19;59;4;0;20120202;SUCESSO
32725-4605;18;0;1;65;64;15;48;0;66;20120102;INsucesso
32790-6388;14;0;4;31;44;11;36;1;1;20130102;SUCESSO
32826-7118;23;0;7;79;69;54;43;3;1;20130202;INsucesso
32853-4605;31;0;22;35;37;7;11;1;21;20120102;INsucesso
32853-5468;20;0;1;31;27;1;6;1;3;20120202;INsucesso
32853-6398;5;0;0;7;1;0;0;0;0;20130102;INsucesso
32869-5714;61;0;19;64;246;31;120;3;9;20130102;SUCESSO
32885-5714;19;0;9;39;56;2;22;1;1;20130102;INsucesso
32932-4604;37;0;49;53;47;38;30;3;11;20120102;INsucesso
32952-4130;0;1;0;2;1;1;1;0;2;20120102;INsucesso
32989-5468;26;0;0;58;50;6;48;2;2;20120202;INsucesso
33006-4130;24;0;66;89;98;47;78;1;12;20120102;INsucesso
33035-4605;79;2;119;177;297;91;112;5;21;20120102;SUCESSO
33260-4604;41;0;1;84;28;55;92;5;4;20120102;SUCESSO
33396-6388;11;0;66;79;97;22;41;0;32;20130102;SUCESSO
3345-4130;6;0;1;28;27;14;25;0;0;20120102;INsucesso
33590-4604;0;0;2;3;0;0;1;0;0;20120102;INsucesso
33661-4130;49;0;3;42;70;37;22;3;0;20120102;SUCESSO
33695-5388;18;0;4;57;145;39;44;1;0;20120202;SUCESSO
3371-4605;25;0;1;17;2;17;11;1;0;20120102;INsucesso
3371-6398;14;0;0;20;4;0;6;1;0;20130102;SUCESSO
33816-7274;10;1;14;21;29;4;23;0;7;20130202;INsucesso
34532-7118;40;0;28;124;173;22;57;4;16;20130202;SUCESSO
34559-6398;2;0;10;12;14;0;5;0;4;20130102;INsucesso
34572-5388;18;0;15;40;24;15;18;1;7;20120202;INsucesso
34654-5468;29;0;15;118;78;48;68;5;7;20120202;SUCESSO
34838-4605;23;1;7;74;119;46;60;4;3;20120102;SUCESSO
34850-4130;48;0;30;92;59;68;78;4;11;20120102;SUCESSO
34942-4604;17;0;1;11;3;4;36;2;0;20120102;INsucesso
35030-4605;23;0;18;31;31;4;35;0;18;20120102;INsucesso
35030-5468;7;0;1;12;10;0;4;0;1;20120202;INsucesso
35030-6388;8;0;1;11;16;70;2;1;4;20130102;INsucesso
35513-5469;40;0;15;73;48;46;76;1;16;20120202;SUCESSO
35529-5388;9;0;2;21;24;14;15;1;6;20120202;SUCESSO
35554-5388;33;0;23;76;114;15;26;4;23;20120202;INsucesso
35554-5714;6;0;9;28;30;18;16;0;6;20130102;SUCESSO
3559-7274;7;0;0;38;76;13;31;1;0;20130202;SUCESSO
35640-5388;17;0;18;127;148;16;61;2;15;20120202;SUCESSO
35642-5469;23;0;6;33;72;9;31;3;6;20120202;INsucesso
35668-6388;20;0;6;55;8;40;15;2;6;20130102;SUCESSO
35675-5388;51;0;121;196;258;22;107;5;15;20120202;SUCESSO
35715-5714;19;0;7;83;28;114;15;2;1;20130102;SUCESSO
35720-6398;29;1;10;90;161;100;60;3;29;20130102;SUCESSO
35743-5388;40;0;4;73;79;46;16;8;0;20120202;INsucesso
35759-5468;90;0;7;56;13;45;27;14;2;20120202;INsucesso
35759-6388;14;0;0;18;10;1;23;3;1;20130102;SUCESSO
35760-5469;16;0;28;54;143;38;67;1;55;20120202;SUCESSO
35796-5468;42;0;45;152;169;36;80;2;34;20120202;SUCESSO
35833-5469;24;0;1;32;19;20;33;3;1;20120202;SUCESSO
35867-5468;0;0;0;2;0;0;0;0;0;20120202;INsucesso
35870-5469;33;0;17;69;52;26;47;5;0;20120202;SUCESSO
35872-5468;15;0;54;60;49;35;48;0;6;20120202;SUCESSO
35884-5388;16;0;0;24;10;1;17;1;0;20120202;SUCESSO
35890-5468;45;1;24;201;363;51;61;4;17;20120202;SUCESSO
35892-5469;16;2;10;47;51;15;37;0;37;20120202;INsucesso
35904-5469;7;0;0;16;13;0;16;0;0;20120202;INsucesso
35904-5714;0;0;0;1;0;0;0;0;0;20130102;INsucesso
35934-5469;44;0;28;105;105;34;75;4;15;20120202;INsucesso
35935-5388;40;0;0;48;20;24;35;4;42;20120202;INsucesso
35951-5469;14;0;0;27;15;33;25;1;0;20120202;SUCESSO
35955-5468;10;0;0;49;30;17;25;0;4;20120202;SUCESSO
35969-7118;18;0;61;138;129;56;62;0;28;20130202;SUCESSO
35973-5388;25;0;10;77;44;2;36;0;9;20120202;INsucesso
35973-6398;24;0;8;76;74;34;60;0;5;20130102;SUCESSO
3597-5469;36;0;0;33;37;17;44;3;7;20120202;SUCESSO
35981-5388;30;0;16;74;128;31;30;5;10;20120202;SUCESSO
35982-7118;23;0;27;97;151;100;40;0;5;20130202;SUCESSO
35983-5468;36;0;22;58;137;37;37;2;6;20120202;SUCESSO
35989-5388;69;1;27;155;186;49;97;7;25;20120202;SUCESSO
35994-5468;36;0;9;63;85;51;54;4;1;20120202;SUCESSO
35996-5468;11;0;4;47;10;16;29;1;2;20120202;SUCESSO
36002-6398;34;1;18;79;287;83;71;4;6;20130102;SUCESSO
36004-7118;24;0;3;43;167;4;40;2;13;20130202;SUCESSO
36008-7098;32;0;3;29;70;74;48;1;1;20130202;SUCESSO
36015-5469;6;0;7;35;20;40;17;0;2;20120202;INsucesso
3602-4130;13;0;3;46;22;13;32;3;2;20120102;SUCESSO
36026-6389;10;0;13;73;98;150;58;1;5;20130102;SUCESSO
36028-5468;7;0;0;13;17;31;3;0;0;20120202;INsucesso
36030-6398;8;0;5;23;6;0;48;0;29;20130102;INsucesso
36030-7118;22;0;7;78;138;14;48;1;10;20130202;SUCESSO
36031-5468;0;0;0;21;2;0;10;0;0;20120202;INsucesso
36050-5469;18;0;25;74;128;15;66;3;18;20120202;SUCESSO
36051-5469;18;0;17;57;27;40;42;1;6;20120202;INsucesso
36051-7118;8;0;6;20;21;18;13;0;1;20130202;INsucesso
36069-5714;10;0;2;16;6;3;23;1;0;20130102;INsucesso
36069-7118;0;0;3;2;5;0;1;0;1;20130202;INsucesso
36075-7098;23;0;21;19;134;19;45;0;8;20130202;SUCESSO
36093-7274;10;0;0;28;29;52;15;1;0;20130202;SUCESSO
36094-5388;30;0;33;49;95;4;37;4;30;20120202;SUCESSO
36128-5388;49;0;34;85;196;33;63;7;6;20120202;SUCESSO
36141-5469;22;1;0;22;15;19;9;3;4;20120202;INsucesso
36143-5468;54;0;5;47;137;24;65;7;7;20120202;SUCESSO
36150-5388;63;0;2;72;91;38;77;4;4;20120202;INsucesso
36150-7098;4;0;0;3;2;1;2;0;0;20130202;INsucesso
36152-7098;3;0;6;16;15;13;19;0;0;20130202;INsucesso
36153-5469;7;0;4;24;15;1;16;1;0;20120202;INsucesso
36163-6388;16;0;7;40;98;28;35;3;3;20130102;SUCESSO
36175-6388;1;0;0;11;0;25;16;0;4;20130102;INsucesso
36182-6398;40;1;1;56;175;26;20;6;5;20130102;SUCESSO
36188-6398;41;1;3;51;110;20;58;2;25;20130102;SUCESSO
36196-5388;45;0;3;48;20;27;38;4;0;20120202;INsucesso
36196-6398;26;0;2;27;6;51;18;1;0;20130102;SUCESSO
36202-7274;12;0;2;25;38;39;19;1;2;20130202;SUCESSO
36211-7098;25;0;17;35;33;58;44;1;2;20130202;SUCESSO
36212-5469;36;0;78;98;157;46;72;6;3;20120202;SUCESSO
36217-5468;8;0;3;40;22;0;13;0;2;20120202;INsucesso
36223-5468;10;0;6;17;28;1;10;1;3;20120202;SUCESSO
36227-5469;4;0;9;13;11;0;18;0;9;20120202;INsucesso
36228-5469;8;0;9;33;53;31;38;2;1;20120202;INsucesso
36230-5468;13;0;5;17;10;0;11;1;2;20120202;INsucesso
36240-6398;17;0;6;36;31;32;39;3;8;20130102;SUCESSO
36245-7098;26;0;0;17;14;5;0;1;0;20130202;INsucesso
36252-7118;29;0;13;78;128;40;30;4;5;20130202;SUCESSO
36253-7098;53;0;130;158;389;60;65;8;6;20130202;SUCESSO
36263-5468;24;0;28;102;141;45;50;1;14;20120202;SUCESSO
36264-6388;24;0;26;69;124;68;58;0;37;20130102;SUCESSO
36267-5468;25;0;8;42;14;50;13;2;18;20120202;SUCESSO
36274-7098;10;0;18;21;52;15;36;0;4;20130202;SUCESSO
36276-6388;22;1;0;87;61;41;93;1;45;20130102;SUCESSO
36278-7274;19;0;0;67;126;51;79;3;9;20130202;SUCESSO
36279-7098;11;0;0;12;45;4;30;2;0;20130202;SUCESSO
36285-5468;44;1;41;226;440;66;100;2;33;20120202;SUCESSO
36309-5469;6;0;5;20;31;0;14;0;0;20120202;INsucesso
36309-7274;1;0;1;9;12;0;3;0;0;20130202;INsucesso
36316-5468;20;0;1;58;87;13;36;2;18;20120202;SUCESSO
36318-5469;3;0;6;24;9;0;7;0;1;20120202;INsucesso
36318-6398;1;0;1;9;3;0;10;0;0;20130102;INsucesso
36318-7098;17;0;9;90;122;28;43;4;10;20130202;INsucesso
36320-5388;28;0;9;38;19;22;63;3;2;20120202;INsucesso
36337-5469;93;0;14;101;156;23;63;4;3;20120202;SUCESSO
36341-5388;0;0;0;3;2;0;5;0;0;20120202;INsucesso
36342-6398;10;0;4;92;158;53;26;0;1;20130102;SUCESSO
36354-5388;42;0;20;69;105;12;36;8;2;20120202;SUCESSO
36357-5388;45;0;19;44;32;24;27;5;3;20120202;SUCESSO
36359-7098;24;0;3;26;19;27;25;1;2;20130202;INsucesso
36365-7098;24;0;87;94;195;8;22;0;8;20130202;INsucesso
36368-5388;43;0;31;42;67;71;81;2;1;20120202;SUCESSO
36373-5469;28;0;16;121;70;38;84;5;32;20120202;SUCESSO
36375-7098;14;0;38;49;114;33;10;3;0;20130202;SUCESSO
36379-5469;85;0;14;95;145;33;63;5;33;20120202;SUCESSO
36382-5469;2;0;0;5;2;0;9;0;1;20120202;INsucesso
36384-7098;27;0;3;25;74;25;43;0;1;20130202;INsucesso
36387-5388;47;0;52;160;337;31;83;6;5;20120202;SUCESSO
36389-5469;38;0;8;54;34;18;80;3;0;20120202;SUCESSO
36390-5468;15;0;2;16;5;19;132;2;6;20120202;INsucesso
36396-5714;30;0;4;52;44;44;27;2;6;20130102;SUCESSO
36399-5468;16;0;3;65;22;37;30;1;1;20120202;INsucesso
36399-6398;48;0;8;51;9;43;26;2;3;20130102;SUCESSO
36435-7118;59;0;31;117;252;101;105;3;7;20130202;SUCESSO
36453-5468;45;0;16;29;44;7;7;1;40;20120202;INsucesso
36453-7274;66;0;19;69;56;35;62;1;89;20130202;SUCESSO
36456-6388;36;0;14;74;132;57;79;3;9;20130102;SUCESSO
36466-7118;13;0;29;51;196;62;71;3;8;20130202;SUCESSO
36482-7118;12;0;0;33;62;0;10;2;15;20130202;SUCESSO
36483-5468;20;0;0;93;168;20;35;4;67;20120202;INsucesso
36483-7274;18;1;0;81;135;35;11;2;30;20130202;SUCESSO
36491-7098;33;0;21;71;204;13;61;2;15;20130202;SUCESSO
36509-5469;48;0;59;85;180;41;122;2;7;20120202;SUCESSO
36520-5388;5;0;0;4;0;0;0;2;0;20120202;INsucesso
36520-5714;2;0;0;4;2;0;2;0;0;20130102;INsucesso
36526-5388;17;0;28;79;134;19;38;0;36;20120202;SUCESSO
36577-6398;23;0;0;40;38;89;55;5;15;20130102;SUCESSO
36614-6388;4;1;5;15;78;35;4;0;4;20130102;INsucesso
36634-7098;27;0;28;130;351;57;81;0;23;20130202;SUCESSO
36691-5469;10;0;0;33;39;15;17;1;9;20120202;INsucesso
36691-5714;20;1;2;72;156;24;36;1;18;20130102;SUCESSO
36707-5714;3;0;0;2;7;0;2;0;0;20130102;INsucesso
36899-5388;37;0;9;43;51;39;35;2;17;20120202;SUCESSO
36950-5468;17;0;1;29;34;27;32;3;0;20120202;SUCESSO
37225-6388;9;1;0;20;31;19;18;1;12;20130102;SUCESSO
37448-5469;4;1;12;8;14;2;9;1;6;20120202;INsucesso
37575-5388;0;0;0;1;0;0;0;0;0;20120202;INsucesso
37601-5469;0;0;0;1;1;0;0;0;0;20120202;INsucesso
37620-5468;52;0;5;52;89;38;42;6;5;20120202;SUCESSO
37621-6388;14;0;17;53;29;17;47;2;5;20130102;SUCESSO
37677-5469;28;0;17;65;76;29;88;2;15;20120202;SUCESSO
37679-5469;14;0;0;16;0;26;9;2;0;20120202;INsucesso
37744-5388;5;0;1;7;0;12;3;0;3;20120202;SUCESSO
38171-5469;18;1;8;58;134;11;110;0;62;20120202;INsucesso
38269-5468;26;0;5;23;11;10;44;1;0;20120202;INsucesso
38269-6398;20;0;0;16;17;0;8;1;0;20130102;INsucesso
38569-6388;18;1;66;68;80;29;23;1;28;20130102;SUCESSO
38822-5388;52;0;115;123;263;24;33;4;22;20120202;SUCESSO
38843-7098;9;1;0;42;42;23;37;0;5;20130202;SUCESSO
38933-5468;0;0;0;0;1;0;0;0;0;20120202;SUCESSO
38989-7118;7;0;7;50;98;21;22;0;7;20130202;SUCESSO
39021-5469;21;2;12;51;70;27;62;2;28;20120202;INsucesso
39066-6398;18;0;1;23;7;5;45;3;1;20130102;SUCESSO
39177-5388;55;0;9;46;66;26;15;1;7;20120202;INsucesso
39184-5469;21;0;13;34;30;0;7;1;15;20120202;SUCESSO
39264-5468;45;2;23;52;46;3;38;3;15;20120202;INsucesso
39358-6389;36;0;34;163;69;76;107;3;23;20130102;SUCESSO
39419-6389;42;0;16;100;50;94;109;4;28;20130102;SUCESSO
39433-5714;46;3;125;179;133;127;68;1;45;20130102;SUCESSO
39463-6388;21;0;6;68;22;27;26;2;0;20130102;INsucesso
39463-7118;19;0;4;40;63;32;9;3;2;20130202;INsucesso
39703-7118;37;0;3;60;72;72;130;5;38;20130202;SUCESSO
39705-6388;26;0;8;37;30;1;38;0;0;20130102;INsucesso
39721-6398;6;0;1;17;0;25;27;1;0;20130102;INsucesso
39721-7098;12;0;0;13;7;1;18;3;0;20130202;INsucesso
39730-6388;33;0;11;70;80;77;103;2;1;20130102;SUCESSO
39828-6388;4;0;4;16;8;0;9;0;3;20130102;INsucesso
39831-5714;11;0;18;25;16;4;21;1;1;20130102;SUCESSO
39841-7098;28;0;24;85;115;54;108;4;41;20130202;SUCESSO
39876-6398;18;0;22;81;84;40;52;1;3;20130102;SUCESSO
39882-7118;10;0;0;24;17;22;25;0;3;20130202;INsucesso
39897-6388;17;0;3;33;5;28;27;3;0;20130102;SUCESSO
39903-7118;20;0;19;62;93;42;61;1;3;20130202;INsucesso
39906-6398;13;0;10;12;20;15;40;1;11;20130102;SUCESSO
39915-7118;17;0;6;58;115;45;60;0;12;20130202;SUCESSO
39917-6389;34;0;43;101;109;43;57;0;20;20130102;SUCESSO
39918-6388;24;0;3;35;35;7;67;1;6;20130102;SUCESSO
39942-7098;15;0;8;55;94;24;61;2;5;20130202;SUCESSO
39949-6388;16;0;7;23;21;4;48;1;0;20130102;INsucesso
39956-6388;63;0;4;90;65;55;131;7;15;20130102;SUCESSO
39957-6398;52;0;5;90;216;187;98;0;5;20130102;SUCESSO
39972-6389;43;0;22;138;91;33;95;5;34;20130102;SUCESSO
39975-7098;28;0;19;118;159;60;76;0;13;20130202;SUCESSO
40022-6388;13;1;15;64;30;96;67;1;8;20130102;SUCESSO
40031-5714;14;0;0;19;4;41;16;1;0;20130102;INsucesso
40047-6388;39;0;23;76;163;88;77;2;42;20130102;SUCESSO
40082-6388;0;0;1;21;9;31;1;0;0;20130102;SUCESSO
40089-5714;19;0;2;33;27;1;75;0;2;20130102;INsucesso
40089-7274;17;0;4;39;29;8;73;2;0;20130202;SUCESSO
40098-5714;3;0;2;8;11;1;9;0;1;20130102;INsucesso
40132-6389;34;0;0;47;32;42;39;2;1;20130102;SUCESSO
40135-6388;36;2;96;203;378;80;152;1;16;20130102;SUCESSO
40137-6388;21;1;23;72;143;259;182;0;53;20130102;SUCESSO
40186-6388;12;0;3;11;3;109;27;1;0;20130102;INsucesso
40186-7098;5;0;0;8;1;1;2;1;0;20130202;INsucesso
40202-5714;9;0;5;17;5;0;2;1;0;20130102;INsucesso
40205-6388;40;0;18;76;58;108;55;2;1;20130102;INsucesso
40219-6398;75;2;21;73;155;150;50;1;57;20130102;SUCESSO
40223-6398;21;1;22;42;105;83;67;1;9;20130102;SUCESSO
40229-6388;20;1;5;53;90;54;38;1;25;20130102;SUCESSO
40237-6398;15;0;4;43;33;19;7;1;10;20130102;INsucesso
40271-6398;20;0;6;63;52;68;29;3;2;20130102;SUCESSO
40275-6398;12;0;32;73;135;139;34;1;3;20130102;SUCESSO
40306-5714;21;0;12;95;45;42;48;1;8;20130102;SUCESSO
40343-5714;13;0;4;17;23;1;28;1;0;20130102;INsucesso
40362-6388;12;0;5;48;19;42;45;0;3;20130102;INsucesso
40362-7118;3;0;79;16;20;1;0;0;1;20130202;INsucesso
40376-6398;2;0;3;7;11;0;0;0;0;20130102;INsucesso
40394-7118;33;0;3;44;84;43;44;3;3;20130202;SUCESSO
4040-7098;26;0;16;57;129;32;59;1;4;20130202;SUCESSO
40445-6398;13;1;5;45;34;19;31;1;11;20130102;SUCESSO
40446-5714;31;0;7;37;22;10;40;1;1;20130102;SUCESSO
40478-6388;15;0;29;65;93;10;19;0;13;20130102;SUCESSO
40513-6398;43;1;71;260;496;171;104;17;12;20130102;SUCESSO
40532-6388;12;2;5;65;62;86;64;1;22;20130102;SUCESSO
40563-6398;23;0;25;67;49;36;38;1;1;20130102;SUCESSO
40582-5714;21;0;0;31;21;135;44;3;1;20130102;SUCESSO
40601-6388;41;0;49;168;141;145;124;1;47;20130102;SUCESSO
40603-6389;47;0;17;425;193;35;122;2;71;20130102;SUCESSO
40701-7274;17;0;0;37;14;28;10;2;8;20130202;SUCESSO
40702-5714;30;1;86;239;230;97;88;1;14;20130102;SUCESSO
40711-6389;16;0;8;45;75;2;59;1;6;20130102;SUCESSO
40767-7274;17;0;6;58;143;50;64;0;5;20130202;SUCESSO
40806-5714;24;1;42;56;53;53;89;0;30;20130102;SUCESSO
40833-5714;3;0;0;17;27;22;8;0;1;20130102;INsucesso
40895-5714;31;1;1;41;45;95;34;3;23;20130102;INsucesso
40895-7118;22;0;0;51;113;41;9;3;30;20130202;INsucesso
40974-7274;35;0;101;82;191;26;76;7;1;20130202;INsucesso
41012-6398;38;0;17;66;55;81;35;3;15;20130102;SUCESSO
41014-6398;25;0;52;148;205;26;42;0;12;20130102;SUCESSO
41024-7118;10;0;2;19;48;29;19;0;22;20130202;SUCESSO
41037-7118;43;0;21;124;365;56;101;4;17;20130202;SUCESSO
41045-6398;8;0;5;17;2;13;18;0;2;20130102;INsucesso
41048-6398;26;1;15;62;361;55;57;4;12;20130102;SUCESSO
41053-5714;28;0;46;75;108;25;50;1;7;20130102;INsucesso
41063-7118;9;0;6;24;24;5;25;1;2;20130202;INsucesso
41069-6398;27;0;6;100;195;46;58;2;19;20130102;SUCESSO
41078-6389;34;6;45;79;136;166;179;1;43;20130102;SUCESSO
41087-5714;24;0;72;89;67;15;128;1;62;20130102;SUCESSO
41092-6398;16;0;4;52;51;73;58;2;4;20130102;SUCESSO
41094-6389;24;0;5;45;8;38;90;3;3;20130102;INsucesso
41098-7098;14;0;30;45;85;31;25;2;0;20130202;INsucesso
41101-7098;23;3;28;80;168;25;65;4;7;20130202;SUCESSO
41144-6388;2;0;11;12;4;12;2;0;1;20130102;INsucesso
41144-7098;0;0;0;2;0;0;0;0;0;20130202;INsucesso
41146-6398;13;0;7;20;14;36;24;1;0;20130102;SUCESSO
41147-6389;11;0;1;30;27;19;53;0;0;20130102;INsucesso
41154-6388;16;0;5;25;17;2;23;1;25;20130102;INsucesso
41165-6398;15;0;5;32;50;39;51;1;6;20130102;SUCESSO
41171-6398;14;0;8;37;18;34;49;3;6;20130102;INsucesso
41171-7274;35;0;0;62;17;11;23;2;6;20130202;INsucesso
41173-6398;75;0;19;145;213;55;108;9;1;20130102;SUCESSO
41175-7118;15;0;17;48;233;137;39;0;8;20130202;SUCESSO
41177-6388;3;0;0;3;0;0;0;0;1;20130102;INsucesso
41183-6389;46;0;20;111;136;137;35;2;18;20130102;INsucesso
41184-6388;15;0;10;54;61;29;57;1;39;20130102;SUCESSO
41185-6388;10;0;0;18;17;1;4;1;1;20130102;INsucesso
41206-6398;7;0;6;11;1;1;3;0;0;20130102;INsucesso
41216-6389;16;0;16;68;52;60;59;1;13;20130102;SUCESSO
41230-5714;26;0;0;63;46;25;39;1;4;20130102;INsucesso
41230-7118;20;0;0;49;57;46;10;1;7;20130202;SUCESSO
41235-5714;8;0;0;13;26;1;7;1;3;20130102;INsucesso
41241-6388;19;0;16;85;67;113;89;1;27;20130102;SUCESSO
41249-5714;14;0;7;41;23;23;24;1;24;20130102;INsucesso
41267-5714;16;0;1;13;11;12;3;2;0;20130102;SUCESSO
41268-6398;16;2;2;43;106;54;56;7;39;20130102;SUCESSO
41278-6389;19;0;2;68;62;32;20;0;4;20130102;SUCESSO
41280-5714;29;0;14;51;49;35;60;1;4;20130102;SUCESSO
41290-6398;31;0;7;50;36;76;61;2;0;20130102;SUCESSO
41297-5714;25;0;2;39;30;6;46;1;4;20130102;INsucesso
41306-6388;10;0;22;45;47;12;35;1;25;20130102;SUCESSO
41311-6388;16;0;26;39;26;23;9;1;2;20130102;INsucesso
41311-7098;21;0;18;64;76;29;8;1;9;20130202;INsucesso
41333-6388;11;0;0;24;14;100;28;1;0;20130102;INsucesso
41337-6388;11;0;0;20;6;31;18;1;0;20130102;SUCESSO
41338-6398;15;0;2;43;62;1;32;2;8;20130102;INsucesso
41341-7098;14;1;6;47;127;17;81;1;14;20130202;SUCESSO
41361-5714;17;0;15;25;4;22;18;1;0;20130102;INsucesso
41369-6388;7;0;14;46;56;3;26;0;15;20130102;INsucesso
41376-6388;23;0;3;32;14;180;18;1;0;20130102;SUCESSO
41384-5714;11;0;1;29;21;3;12;1;11;20130102;SUCESSO
41394-5714;16;0;86;17;40;2;34;1;0;20130102;INsucesso
41396-7274;4;0;0;9;21;3;5;0;4;20130202;INsucesso
41422-6388;15;0;42;101;74;223;54;0;27;20130102;SUCESSO
41454-6388;9;0;0;12;5;0;12;0;2;20130102;INsucesso
41463-6389;17;1;3;62;55;37;24;1;5;20130102;SUCESSO
41468-7274;10;0;1;27;21;4;25;1;0;20130202;SUCESSO
41482-6388;23;0;15;86;23;23;27;3;4;20130102;SUCESSO
41496-6398;17;0;5;24;22;1;5;1;7;20130102;INsucesso
41522-7118;15;0;8;51;116;95;62;1;4;20130202;SUCESSO
41595-7274;19;0;4;12;9;0;14;3;0;20130202;SUCESSO
41629-6389;11;0;7;27;65;64;47;1;16;20130102;SUCESSO
41642-6388;12;0;1;27;15;3;81;1;0;20130102;INsucesso
41645-7274;1;0;0;11;3;1;13;0;0;20130202;SUCESSO
41667-6389;63;1;91;115;196;29;150;1;38;20130102;SUCESSO
41726-6389;26;0;1;26;16;3;12;1;2;20130102;INsucesso
41758-6388;11;0;4;21;36;69;14;1;1;20130102;INsucesso
41769-7098;22;0;1;45;138;0;9;1;4;20130202;INsucesso
41773-5714;13;0;6;22;27;55;15;3;0;20130102;SUCESSO
41780-6398;16;0;3;75;166;46;22;1;22;20130102;SUCESSO
41822-6388;3;1;10;14;27;0;23;0;10;20130102;INsucesso
41960-5714;5;0;2;24;23;20;35;0;1;20130102;SUCESSO
41962-6388;16;2;22;58;95;66;121;0;28;20130102;SUCESSO
42044-5714;22;0;16;83;102;43;47;1;0;20130102;SUCESSO
42045-6388;14;0;0;18;27;14;16;1;2;20130102;SUCESSO
42203-6388;17;0;13;33;34;49;43;1;1;20130102;SUCESSO
42206-7274;18;0;1;49;112;14;45;3;3;20130202;SUCESSO
42222-5714;18;1;24;73;54;51;58;1;12;20130102;SUCESSO
42228-7118;12;0;4;60;110;17;5;3;2;20130202;INsucesso
42233-6389;47;3;40;91;196;123;137;5;48;20130102;SUCESSO
42236-5714;8;0;2;22;50;11;23;0;2;20130102;INsucesso
42332-6389;8;0;8;41;51;65;22;0;2;20130102;INsucesso
42519-6398;43;0;10;74;76;150;42;1;11;20130102;SUCESSO
42858-7274;31;1;40;106;157;37;130;3;54;20130202;SUCESSO
43845-7098;12;1;32;52;121;27;62;1;2;20130202;SUCESSO
43900-7098;40;0;16;78;121;40;83;0;7;20130202;SUCESSO
43984-6398;47;0;40;166;329;47;98;1;92;20130102;SUCESSO
44005-6388;22;0;4;74;19;24;58;1;11;20130102;SUCESSO
44016-6398;33;2;18;97;85;35;34;1;48;20130102;INsucesso
44040-5714;12;2;18;70;42;92;34;0;3;20130102;INsucesso
44047-7274;27;0;3;46;84;10;29;1;9;20130202;INsucesso
44051-7118;45;0;19;145;230;78;131;2;40;20130202;SUCESSO
44059-6398;9;0;8;63;76;15;61;2;14;20130102;INsucesso
44061-6388;27;0;5;90;50;141;28;2;6;20130102;SUCESSO
44070-7098;22;0;117;132;186;30;97;2;64;20130202;SUCESSO
44073-6389;35;3;12;75;84;42;118;1;59;20130102;SUCESSO
44078-6398;57;0;12;146;139;150;196;2;9;20130102;INsucesso
44078-7098;62;0;4;81;76;116;70;2;5;20130202;SUCESSO
44098-6398;62;0;42;124;91;34;96;3;9;20130102;SUCESSO
44103-6398;48;0;14;140;162;73;101;1;7;20130102;SUCESSO
44106-6398;29;1;34;83;81;50;25;1;26;20130102;SUCESSO
44108-6389;17;0;23;41;23;21;54;3;12;20130102;SUCESSO
44116-6389;39;10;20;80;73;247;64;2;48;20130102;SUCESSO
44117-6398;18;3;3;69;92;184;260;1;42;20130102;SUCESSO
44121-7118;3;0;5;39;32;1;25;0;1;20130202;INsucesso
44124-6398;8;0;2;13;4;0;15;1;0;20130102;INsucesso
44145-7118;16;0;0;23;11;18;17;3;0;20130202;SUCESSO
44155-7274;4;0;0;9;2;4;3;1;0;20130202;SUCESSO
44181-6398;76;0;9;87;103;6;8;1;18;20130102;INsucesso
4421-4130;27;0;18;62;53;28;59;4;1;20120102;SUCESSO
4425-6388;8;0;3;21;0;3;31;0;15;20130102;INsucesso
44288-6398;27;0;13;38;56;6;43;2;6;20130102;INsucesso
45029-7274;93;4;67;357;375;27;128;7;180;20130202;SUCESSO
45077-7098;25;0;7;118;127;55;79;3;24;20130202;SUCESSO
45171-7118;40;4;71;220;596;39;113;1;100;20130202;SUCESSO
45234-7098;30;0;13;80;183;41;98;1;20;20130202;SUCESSO
45242-7274;19;0;3;33;52;1;21;0;19;20130202;SUCESSO
45342-7098;14;0;52;66;175;19;68;0;9;20130202;SUCESSO
45395-7118;14;0;6;37;54;8;94;1;97;20130202;INsucesso
45397-7098;0;0;0;1;0;0;0;0;0;20130202;INsucesso
45405-7274;24;0;4;42;22;6;31;3;3;20130202;SUCESSO
45413-7118;29;0;0;39;27;33;54;3;0;20130202;SUCESSO
45421-7118;18;0;16;83;40;54;73;2;99;20130202;SUCESSO
45428-7274;0;0;0;4;4;0;0;0;1;20130202;INsucesso
45445-7118;10;0;6;30;26;121;47;1;3;20130202;INsucesso
45446-7118;23;0;27;46;44;44;26;4;10;20130202;SUCESSO
45455-7098;9;0;21;64;153;27;54;1;4;20130202;SUCESSO
45483-7098;21;0;9;50;38;14;45;1;4;20130202;SUCESSO
45499-7118;7;0;24;25;3;0;26;1;2;20130202;INsucesso
45502-7118;24;0;0;118;85;14;43;4;54;20130202;SUCESSO
45533-7098;30;0;18;79;57;134;44;1;4;20130202;SUCESSO
45535-7274;22;9;139;77;206;53;98;9;42;20130202;SUCESSO
45543-7274;14;0;26;56;119;26;14;0;3;20130202;SUCESSO
45563-7098;7;0;0;33;70;34;29;1;13;20130202;SUCESSO
45566-7098;13;1;18;49;90;34;31;1;11;20130202;SUCESSO
45577-7274;16;0;48;80;160;34;48;1;17;20130202;INsucesso
45603-7274;10;0;117;72;142;41;46;7;5;20130202;SUCESSO
45609-7098;7;0;2;15;37;1;1;1;5;20130202;INsucesso
45623-7098;15;0;1;37;55;142;12;1;8;20130202;INsucesso
45626-7118;33;0;1;62;190;10;68;2;2;20130202;SUCESSO
45627-7098;45;2;77;171;328;120;160;4;94;20130202;SUCESSO
45629-7274;44;1;20;65;57;75;15;1;11;20130202;INsucesso
45642-7098;22;0;6;39;89;28;80;1;11;20130202;SUCESSO
45656-7098;21;0;28;90;166;25;42;1;53;20130202;INsucesso
45662-7274;5;0;1;30;4;0;4;0;1;20130202;INsucesso
45683-7098;16;0;0;73;107;14;24;1;33;20130202;SUCESSO
45692-7274;17;0;0;11;2;2;1;1;0;20130202;INsucesso
45696-7098;24;0;19;93;260;119;61;1;13;20130202;SUCESSO
45709-7274;24;0;2;58;66;51;30;2;4;20130202;SUCESSO
45726-7098;6;0;1;27;25;37;25;1;4;20130202;SUCESSO
45735-7098;30;0;62;82;113;49;69;0;25;20130202;SUCESSO
45746-7274;7;0;1;34;36;3;37;0;4;20130202;INsucesso
45751-7118;36;0;27;72;75;8;67;2;33;20130202;INsucesso
45761-7098;44;0;7;95;186;114;57;1;3;20130202;INsucesso
45770-7118;24;0;7;83;114;173;59;3;9;20130202;SUCESSO
45790-7274;7;0;0;5;0;0;2;2;0;20130202;INsucesso
45801-7274;19;2;93;91;189;54;57;2;10;20130202;INsucesso
45818-7098;6;0;0;40;55;13;8;1;22;20130202;SUCESSO
45869-7098;35;1;56;48;126;49;46;1;10;20130202;SUCESSO
45935-7274;23;0;4;36;31;40;61;0;6;20130202;SUCESSO
45975-7098;1;0;0;9;5;0;12;0;0;20130202;INsucesso
45989-7274;7;0;1;15;20;0;20;0;4;20130202;INsucesso
45993-7118;18;0;14;70;101;28;41;3;6;20130202;INsucesso
46073-7098;21;1;0;49;31;67;18;5;4;20130202;SUCESSO
46199-7098;12;0;0;10;15;1;11;3;2;20130202;SUCESSO
46225-7274;23;0;4;41;44;14;78;3;1;20130202;SUCESSO
46349-7118;20;1;0;57;166;66;47;2;17;20130202;SUCESSO
46681-7274;5;0;2;26;35;34;42;0;2;20130202;SUCESSO
46776-7098;17;0;9;38;92;18;32;1;9;20130202;SUCESSO
46813-7098;13;0;0;15;3;16;5;1;0;20130202;INsucesso
47585-7274;1;0;0;4;0;0;5;0;0;20130202;INsucesso
48049-7118;41;5;77;90;221;32;90;3;86;20130202;SUCESSO
48059-7118;22;1;21;53;156;72;83;0;23;20130202;INsucesso
48068-7118;15;2;11;45;59;42;59;0;17;20130202;INsucesso
48070-7098;27;1;35;99;235;21;44;2;53;20130202;SUCESSO
48088-7098;34;3;7;91;135;207;46;1;35;20130202;SUCESSO
48103-7118;34;3;39;130;572;32;163;2;93;20130202;SUCESSO
48117-7118;25;2;3;103;138;50;36;1;19;20130202;SUCESSO
48127-7118;27;0;13;42;46;34;72;3;11;20130202;SUCESSO
48128-7118;26;2;25;56;100;19;37;0;26;20130202;SUCESSO
48131-7118;22;5;22;126;233;18;94;2;119;20130202;SUCESSO
48140-7118;14;0;12;35;51;25;65;1;14;20130202;INsucesso
48148-7118;46;2;47;171;342;52;107;2;42;20130202;SUCESSO
48160-7098;13;0;9;71;166;8;61;1;5;20130202;INsucesso
48167-7274;43;6;47;50;31;9;42;1;23;20130202;INsucesso
48234-7118;66;3;28;142;374;58;102;1;40;20130202;SUCESSO
48239-7274;19;1;3;34;34;28;35;1;5;20130202;INsucesso
48297-7118;38;1;18;60;32;47;63;3;2;20130202;INsucesso
48301-7118;12;0;9;35;13;10;15;1;17;20130202;INsucesso
488-7118;15;0;0;15;8;40;18;3;1;20130202;SUCESSO
4887-4605;23;0;2;26;35;66;27;2;1;20120102;SUCESSO
495-7098;10;0;5;32;62;0;14;1;6;20130202;SUCESSO
5250-7118;14;0;19;42;50;3;40;1;11;20130202;SUCESSO
5411-7274;19;0;0;24;13;0;26;2;12;20130202;INsucesso
595-4604;36;0;2;27;26;18;17;3;18;20120102;SUCESSO
6039-4130;0;0;5;4;12;0;6;0;0;20120102;INsucesso
6079-7118;21;0;3;41;151;4;39;2;2;20130202;SUCESSO
6168-7118;12;0;0;12;0;3;8;1;0;20130202;SUCESSO
6177-4130;35;0;5;50;13;32;55;3;15;20120102;SUCESSO
630-7118;14;0;12;34;32;1;21;1;0;20130202;SUCESSO
6389-4130;1;0;0;5;2;0;1;0;0;20120102;SUCESSO
6469-6388;5;0;1;15;14;0;15;0;0;20130102;INsucesso
6640-4130;38;0;42;134;518;28;108;6;6;20120102;SUCESSO
7642-4130;2;0;0;10;2;8;8;0;0;20120102;SUCESSO
7777-4130;15;0;4;43;80;1;2;0;7;20120102;SUCESSO
8040-4130;15;0;3;18;15;16;11;1;10;20120102;INsucesso
8167-7098;24;0;21;149;283;45;105;1;38;20130202;SUCESSO
8461-7274;9;0;0;15;14;1;5;1;0;20130202;INsucesso
8642-6398;11;0;11;29;6;45;44;1;0;20130102;SUCESSO
9396-7118;17;0;20;39;71;31;46;1;16;20130202;INsucesso
9782-4605;0;0;3;1;1;0;0;0;0;20120102;INsucesso
